,resource_state,athlete,name,distance,moving_time,elapsed_time,total_elevation_gain,type,sport_type,workout_type,id,start_date,start_date_local,timezone,utc_offset,location_city,location_state,location_country,achievement_count,kudos_count,comment_count,athlete_count,photo_count,map,trainer,commute,manual,private,visibility,flagged,gear_id,start_latlng,end_latlng,average_speed,max_speed,average_watts,kilojoules,device_watts,has_heartrate,heartrate_opt_out,display_hide_heartrate_option,elev_high,elev_low,upload_id,upload_id_str,external_id,from_accepted_tag,pr_count,total_photo_count,has_kudoed,average_heartrate,max_heartrate,suffer_score
0,2,"{'id': 45406272, 'resource_state': 1}",Tibbettes,53026.6,7557,7881,699.3,Ride,Ride,0.0,9128481271,2023-05-23T20:53:24Z,2023-05-23T16:53:24Z,(GMT-05:00) America/New_York,-14400.0,,,United States,2,4,0,1,0,"{'id': 'a9128481271', 'summary_polyline': 'svleGdqesL{@Cf@GEAsNb@mAg@WiCo@a@}QnC}A|AkGf]]XFhAwBpGM`GmEXwFpFrGsF~AGbAx@o@zE~Fzd@f@lJIrFsCjKuE~G{O`KgHrJiJjQwC`N_A|AkBjAkMf@sHvCcSvEoLtI_JnJ{JvD{I~IcSpCsJnGiFlEeWFeDx@mB~ArAzLZfKgBbHStKvA|EdK{NnCwNxIaRlBoGgBvFeJ`SyCdO_CjEmH`JiDpGuBvLUnDEjJmL~\\y@hGCpIg@~CgMtImDlFe@jCv@xTzLvAnDqHnEy@x@`EhGjJjB~Jl@tW{UXdDW|PPrAlKt@bDRIqCkNoAg^mAwEoGaKu@{CFu@vFqAnA{BTmDm@wJ[m@oHzAX\\~^yIW[yIvBsAiM\\cEiB{CUqBd@oHv@mB`Cm@bMjAbAt@n@rCK|BeApBqMdC{AdAoB{Bc@gCb@uHjA{BlGEnJ`BpEeFfFcC`Fo@hByAkD_G}DcC_HkAiHkD{MeEwDo@iA`FB|Ic@lEaLn[}@zH[~K}@nAgJbFwF~IZ|Xw@rOsEpOiF`Mi@fLmAhIsErJmLvN}AmQ|@}Cn@yU|AuEOmE[@`@fEwAfFi@tS{@bE`@rHu@^|@P|An\\b@|Ud@?o@qCOkNqAyVaRxMmCfEwAdEiG|]qC|Bk@~AwE~_@wApXkC}DaEuPOeMfS{E~WpAfB|GyDjFl@gAnCoCzAtDy@_CqBmIlB_AfCcFzHsZtI}BhI{DnI{KoHf@z@Pr[iG|BpGdAjTtB`RLjJoJpQkDx@gF_DQX|EjChA@fDaBzH{MtD~@bFeDjDrAwC}AyFnDmDcALiIcAoJdP}FlG[nCqBYa@s@xAuB~@wGl@Uc@i@yYiEoMbJgJF{@}CoHqGmCsFOs@qCcAeAgBVi@lBPhB`A`A~FgB`H|ALh@u@dEhAqEpCrAbCnHwFfGdJcIfO{HnBmDFw@mDwHbA_Jc@yI_@Qx@rIcAzHLvBjDnGlCkDfGaAt@fN[lGvAxDaEzHZvN_@n@aEWwL{KiCuAMo@YLpR`PjEH|@|CJi@s@q@n@lAo@_Cc@}N|DqJxNfG~JuC_@GKv@cJ`ByM}G{AgCNmKe@cLfCwA`LoBfA|Hz@fAfD|@@i@wCQcAiAu@qHxCh@lFc@nNd@a@sMr@bNxHFtJcDzGcXtDwIj@S|Lt@tH|HrBv@nNsAzCcBtH}SlB_R|AmAzDVpHmq@pHsYlBcMgYz@gIbEeEoFqG}Do@iAFcGnF}GM_@', 'resource_state': 2}",False,False,False,False,everyone,False,,"[42.9964214656502, -71.46786061115563]","[43.01370176486671, -71.52322517707944]",7.017,16.846,137.7,1040.5,False,False,False,False,206.3,46.6,9792921399,9792921399,A92A0C3B-7897-4FBA-8F8B-B726F2BEDE31-activity.fit,False,0,0,False,,,
1,2,"{'id': 45406272, 'resource_state': 1}",Morning Ride,17267.8,2709,2843,170.5,Ride,Ride,0.0,9125023995,2023-05-23T12:14:19Z,2023-05-23T08:14:19Z,(GMT-05:00) America/New_York,-14400.0,,,United States,0,0,0,1,0,"{'id': 'a9125023995', 'summary_polyline': 'cbpeGbmpsL]F_@XgApAyApAc@x@Kv@E`B@z@H|@N\\VV|Az@pA`AzBhALLh@lAzBbCZFVGdAu@dBq@z@w@z@WpCK`D[pGEdCSrA?XGT[F[rBaUXiAp@gBjCoFlFaIvBiCtFwEvFaEv@u@~@i@NSd@}@tB{Fv@_BT]lEqFP_@rAqBdDuFv@uBh@sBbAsCzEiJZg@TMxF{@H\\H~A^dC|@pERZx@GDGMIiAx@gAh@MKwAuGgAqFBKHG~BU`FgARFVlF`@`GKTmBVCF@HvA[d@CRMVInAIAEIA{A\\KHETRnDf@|GXvFARHNBd@EnNCNSF@Dr@?CIMCE]EsIHwBNQdBOJDElGFMI{EHk@PIdBUvAKDN]~@a@dBCb@FA|@_E?OMWaALKICKKu@m@uMIWUACN@P^h@H|@LXRJv@CX`@PI@KIOYI}@J_@XAX^zEHzBGFoAXY@Q}AKkBMaA[cGScCOqE}@_NEKICkBd@MNBTD@DMAGDKfEw@tDg@~DVr@N~AERFFA@IMIe@FmAGsEa@s@DSMO_@_AqEo@qBa@cByAeE?S_@_Ae@cBD[v@wB~@sBT_@VRP\\ALKJ@DLA?W]o@B_@xAqCX[NAH`@JbAPlFR`DAb@IT?XJj@N?FSUuAEgBGg@CgBSeEIy@M_@?Qh@w@~@FzCw@DHb@zFI^[PCRDbAXzC@x@?v@U|FGXKR@HNADQ@kBDeABQFKNE|D^THHELk@^gEF{A?uAIa@KKOAi@BcBOKB{@EUGC@AJDF\\GrADNMB]Ie@g@kGDUzAo@x@q@`F_FxKcJJPBp@^rEb@vC@p@XfEPJ`C_@P]IqBc@kDMe@Aq@Oq@?[C[KYEw@]cDD[hA[JMlEqB`B_A~@q@hD_GxJ_J`EkHl@}@Rk@@s@uAqM@_@E[sA_Lg@eFgAeJ@[Is@o@oFIsA@c@Ya@kBoAsF{C}@m@iAaA_@g@s@i@`AuDt@cBh@sBhBgFVi@fBcGjDeKViASs@Da@s@FUOOYWIQQy@]]IsBG_DBUGe@@}@Wg@Jg@Ee@Ui@k@q@eBGe@GIi@GQQG@W`@KDmI|CuAp@sAz@QQAGGT_EbB_B`A{A`@}BH{B?qCY_Cu@eAi@aDqA{EaBe@E_E\\wCf@QRWh@DN@KFL@EG^]JG?KE', 'resource_state': 2}",False,True,False,False,everyone,False,,"[43.013621466234326, -71.52353161945939]","[42.995199635624886, -71.46796437911689]",6.374,12.286,113.6,307.6,False,False,False,False,119.6,42.1,9788485562,9788485562,5523CEA4-42AD-4422-B232-D33D1F4E98BF-activity.fit,False,0,0,False,,,
2,2,"{'id': 45406272, 'resource_state': 1}",Evening Ride,31021.3,4925,5071,341.1,Ride,Ride,0.0,9102673367,2023-05-19T21:02:48Z,2023-05-19T17:02:48Z,(GMT-05:00) America/New_York,-14400.0,,,United States,4,3,0,1,0,"{'id': 'a9102673367', 'summary_polyline': 'wlleGznesLdHqAPg@A}De@[eI|@YYAw@t@s@t@ETXxBrj@pArISrAyAvA_FpB[p@lAv`Bj@pGvAtDvMlSnCdKlB`FpD{F|J}ClDwAOjDZjMz@PhB]P]i@cEmC\\SfHaA|JtCY@}BRMZzB~@D`A`AdDvIr@`@fHu@\\xC\\XjEu@GqEeA_P_@Q{HpAmG~AOj@PRxBaB|DeAbH_AdAtNKj@cFzAmFn@_AQmAaAiCeHcA_AgAGe@b@n@h@^rDkBrAHzEgDj@Uz@ErD\\j@hBXbEMrAjId@v@xATpAm@rAn@jA~ApDDzA|Er@]@i@wAEs@sCkDE}AmBaAc@b@cCcAaGL{K}AmB}BkGqBsAaFl@o@dPXTbIaBKaDy@wCOJLv@iBhAD~BJtAfBH\\fHoBd@eESUXc@zOkGbTu@bF_@x]oCNnC@^w@nLkDl@Bh@dARrBIf@}NhE_@WMcDcAUbATAvDXJtLsD`k@yKZe@N_EiAcGAmAj@gB|@w@rAMlA^o@_A}CbA{@`BKhBhA~EEvG~Ez@RP@|@}NhHmt@dULa@z@eHHwEYe@qH]iH_DyAf@VhE_@cF}QpDeACyByAyCwDAm@x@oAjBiA^bDa@fA}@@iAmAAc@rAwA^tBMmCzGcD|@lA\\`EyCrAxCs@RfF}BZc@yA}@oKL_@vAk@v@d@Rv@n@dLJ~F{@rKq@XoEo@oDjA@P~CsAnG`@dAwKG_EeG^mAo@wBaCY@sCvHA`@`@p@vA|@xD@N_@y@n@wCUqBmB@aAjA_BvAgEuCmDa@^kAvDpBwF_CgFcDmDyL|Ip@pCzAlC@dCXD[gC}AsCm@mCsBzA`DdOn@lAHWk@]kAeFWKyBfAkAkFtCpM^n@qBeGwBnAr@lD{BuJ{ElHc@bBpArB`ArEt@|@r@LhBMx@g@j@cB?iBeAsCVp@O\\uB~@oBQiAj@RG[_AgAmB\\eBuBiBlBgCX}@ISUhAiE`HeBhAqB}@{A`Dh@k@|Ap@v@wAaGgElDwDlBaEcCnEkCjCs@kEFgApEeJd@KpBzBvBdAjA[lBgCuBjCyAN}CkCnAa@fDBcG@w@aAm@yBaB}@s@f@yB|KsAgCKqBkB}@_@oAl@rAfB|@FpBzAzCj@bCl@jHwCdAwHb@{@_MgAyCp@jAr@rJqCq@{A{AiAeC`A}BiFpG?lAt@tBQjBoAfDcBhBWA', 'resource_state': 2}",False,False,False,False,everyone,False,,"[42.994843404740095, -71.46749834530056]","[43.01361383870244, -71.52330547571182]",6.299,13.072,108.3,533.3,False,False,False,False,125.0,46.9,9764778945,9764778945,E3B44A1A-A91F-44FE-92D2-713A8FC78057-activity.fit,False,0,0,False,,,
3,2,"{'id': 45406272, 'resource_state': 1}",Morning Ride,12935.2,1991,2110,169.3,Ride,Ride,0.0,9099867642,2023-05-19T11:58:13Z,2023-05-19T07:58:13Z,(GMT-05:00) America/New_York,-14400.0,,,United States,1,0,0,1,0,"{'id': 'a9099867642', 'summary_polyline': 'qbpeG~jpsLB@FLIPKLENWT_@h@a@\\QV{AbBWn@K`@Ad@AnAFdBL`@HLTTdB`An@d@bBv@h@^~@bBjApA^^JFJBL?VEf@YVSXORCJMb@Sj@a@XOb@Ob@InBMJ?|CWt@Cb@CnB@h@?RA^@ZEhCMx@GNIRYJk@XsDXkCd@uFVwBHc@r@wBxCiGzBkDzBaDx@eAr@u@dEqDvDsCtDgCVS^a@Ze@Ti@rBwFh@iA`@q@`BiBtBqCFAF@FVJJDCEKUQEKp@kAPWFAFDZ\\lAt@vA~A~DxEdAhAZd@r@n@x@`AZTPXRLZb@XVF@CIa@WOQa@[a@c@yCoD]YcBqBGLEKAMEGmA}A}AeB[Sa@_@_@QOOU_@FQh@w@~B{Dr@mBdAwDTc@J?HDf@r@`Az@RVjAlAlAxAj@~@hAlDPl@xBpFFf@Eh@DHH?BCBMAUa@mA_AwBQo@MOKSCYMUYaAMUk@eBSc@MIW_@MIMMIUa@Y[e@OQk@s@gBoBGYdAqBHCHDd@h@FLz@z@FLf@l@xBbCf@d@BHXXz@vBt@xBB^Eh@DDF@DC@WS{@{AiEUc@sCgDmE}EAEBQTYp@qAFEFDNV`@b@RPHDJ?JEVi@`@gAHM@GC?EBCFM^s@`B?H@HLRx@|@NRZX^h@VT^d@j@^L@XGFBHTJr@fAnFFtE?vBFzF?xALtHD~@D\\Z|CGNQLcAT[DCFDDF@d@Q^Gb@QJUASI_@Ce@[mCIsC@iAKqI@QHMJEXEXCJ@\\GJIFSKaBBWy@sNAo@Gg@@WKeACg@Ie@DSCQEQ@g@Ke@Ci@GQ?i@Ek@a@mCJS`AQRGz@Sf@Qz@SPIDI?]c@cBCQkAsFCSSm@CYKWKo@_@_BAW@KPe@p@kC~@_Dx@kBNk@?QEa@Uq@qAsFQ_@Mo@c@cBg@yAg@cA}LgRk@oAOi@Yy@QgAIu@GgASkXGqFEmAKeTW_T?}BIkB@iDCcCB[?mACsASYDGEMbBA|By@VCPGx@m@l@g@@CA?VWD]MaC_@wBEq@UyAKmAMqEkBya@?ODMHIJC~@CLEr@Kh@?PFF`@@^GbDDp@?|ALJHB^?n@JJDNBbCv@HFDLLf@FHD?BAABHG?C', 'resource_state': 2}",False,True,False,False,everyone,False,,"[43.01369095221162, -71.5231996960938]","[42.99171796068549, -71.46782557480037]",6.497,15.285,126.2,251.2,False,False,False,False,125.2,46.4,9761788886,9761788886,C8A41E00-D59D-428F-A7D1-4618C9610FA9-activity.fit,False,0,0,False,,,
4,2,"{'id': 45406272, 'resource_state': 1}",C,24100.6,4558,5080,143.9,Ride,Ride,0.0,9090701733,2023-05-17T21:15:44Z,2023-05-17T17:15:44Z,(GMT-05:00) America/New_York,-14400.0,,,United States,1,5,0,1,0,"{'id': 'a9090701733', 'summary_polyline': 'cmleGtoesLCI\\Wl@QrFq@zABzNlFnJfApC[zAa@zGcCtPiHf@\\b@bCh@`@`AH`AS|G@`CT`CpA^b@j@ACn@Np@qEhNcCdI}FxPGp@c@vA]~@o@`AcFlPgCxFeFxG_G`GuIfLuNnUiBhDoNfUoAjC~EiC|A_BDMK[a@HSh@m@b@WdA[b@mDnBmAKkAc@y@o@i@AaEzD{BrDPGxB}DnCiCd@W\\GdAv@zBt@mHtRaA|C|AoArCwFhCaCr@CvAb@nAc@|@ShB[t@AfD{AHDfBqAn@o@\\k@ZaAf@}FfC_Ft@cB~CaELs@FcCZG`@cAxBsGR{B`@gBhAiBNCl@d@pAvC|A@|A_@VUJiDGqBL_@nJw@P\\D`CMT_AVKd@?nAeGxIETLXrAdAaMt`@{PfVaCvCYiAIkAzB_DD_@cCiE@PbAvADXMb@_BtBV`CJ?i@mBoClB}A|AFHj@o@dAk@N^p@|EJB@SoAuFFUdAq@b@e@DSeAoFQYYBeHnDyAfBcEzAsBzC{@t@wGaCWQPXxJ`Dd@I`CsADc@Sm@CJf@jA\\jBRX]gAOmA|FgDX_@nAq@CKaBjAt@~CEReJnFJBzA{@r@lCENqBrAzBiAVv@BSQe@JSnF_DaGrDf@`C|ApFjB_Gp@wAEOOAeNrIi@vAy@xFU`@mUxDcAb@Mz@P`DJlHFr@THpAUHWUqJCWOEqAXFJ|D}@PJPfKMP_BPDPjEw@`@Wa@yKKKkB`@DJ|@]hKkAPe@BeDE`EvBWGWWX}A`@O`DML_Fn@dFi@?bCJpAPLf@IJT{AhCwAmBtB_@FECSuFfAs@\\DPnDzDgAhCSCIWeDoDqAgBIDtGnHu@rCYBoDqEoBmBkA~@_Cv@GXDZ`Ah@JQOkADUfA_@v@q@T?|GdHBb@_AfCqFqGEFDPb@PrD|DTX?VwDvGmElGQEwAmEa@]YAc@^aAxAyAdDi@T@`@XIvBcFdAqA~@G\\lAm@|AUfBw@bBODiAwAYD_@v@Dd@fA~@RGZo@b@ADISOOFAV|@b@ASU_@Dk@h@Pb@OxBoCvAaCs@aBg@mBUIa@PKQKH@^\\n@Au@RBbAjDl@?JPuAzBuDxEwBdG}@fB}JhH_FrEeC|C{F~IwA}@i@O}AnCw@l@m@PuCcB_CaAkFbA_DPkH@sCcCgA_DYIc@LIXD|@r@zBGrAa@bDE_AWn@gArAmA~@', 'resource_state': 2}",False,False,False,False,everyone,False,,"[42.9948999825865, -71.46762994118035]","[43.013618951663375, -71.52336398139596]",5.288,13.61,80.4,366.6,False,False,False,False,87.0,39.7,9752125568,9752125568,A8630442-9A66-46C6-BCAF-B63F697B1DD5-activity.fit,False,0,0,False,,,
5,2,"{'id': 45406272, 'resource_state': 1}",Morning Ride,10931.7,1570,1599,137.5,Ride,Ride,0.0,9087767893,2023-05-17T12:43:05Z,2023-05-17T08:43:05Z,(GMT-05:00) America/New_York,-14400.0,,,United States,0,0,0,1,0,"{'id': 'a9087767893', 'summary_polyline': 'ubpeG|kpsLFPECDRCJSLGJIB}@~@SX_A|@[TSZGNOv@Cv@Ax@DR@d@Db@L`@^b@f@Tf@Zb@Td@^`@Pd@\\`Ab@Zt@|@rAxAxALDLAZE`Au@XMXGPMLCTSb@UPOz@W~AIH@l@KlBIXGf@Al@GpA@rBCT@bAGrAENCVKJHRGNSHGJWj@}F`AyKDg@Nw@^iAb@aAhCiF`@i@zBoDrAmBjB{BjAgAnB_BPQhBwArDiCzAiAp@o@d@_ArByF|@eBR[TOh@q@t@w@D?LTLH@CCEUSCMpAkBJIJJJT`@ZrAvA|DpEXVxAdBDJb@f@ZVf@p@XR`@j@LRXVl@n@@HJFpBfCTRFLDXTZ^Bl@GZILQAWS_BE{@Ky@AU?}@Ii@GU_EuEiA{AuAyAk@s@MUiImJOMEGCMBMhAcBHAFFP`@rAnA|ApBbClCJPj@f@n@|@NHf@l@PPlAzAJHd@n@zA~A@EEISK[[}BwCgBqB][}@gAMSwFoGIOy@{@W_@AO@I\\cAPo@FID?HDT`@jD|D`CtCxAdBNLR^HB?A?GQM_AaAw@mAa@a@Yg@kAmAkCaDo@o@IO?Ir@yBTm@l@eAdCgF`ByCx@_B|B}EzAmDdCuGdBqGjAcEPe@j@gADO?QEOSm@c@eBmAmEMw@YmAe@sAq@mA_CeDaI_Mm@sA]cAAQO}@McAEaAAyCE{@DMMwNWmP?o@FYEoE@iAEeBK{LGyAGmD?cAQmNH]CcCBQFMNI~C_An@YdCsBFO?eAKeA_@iC[kCI}AK{EaAkSEe@e@qKBOFKLGvAItAOJBHTDd@Al@Eh@?t@Ed@BL@hBEVIDIAK@SDKFc@Fi@BaAP]@k@HKFCF?VIFET@BAMBIDD', 'resource_state': 2}",False,True,False,False,everyone,False,,"[43.01371207460761, -71.52334520593286]","[42.99489453434944, -71.46768090315163]",6.963,14.264,150.0,235.4,False,False,False,False,122.5,46.5,9749018883,9749018883,6FF00505-E241-4DEC-9747-89BBC048C8B9-activity.fit,False,0,0,False,,,
6,2,"{'id': 45406272, 'resource_state': 1}",Evening Ride,45216.8,6891,7189,577.3,Ride,Ride,0.0,9078517319,2023-05-15T21:11:33Z,2023-05-15T17:11:33Z,(GMT-05:00) America/New_York,-14400.0,,,United States,2,5,0,1,0,"{'id': 'a9078517319', 'summary_polyline': 'ubpeG|kpsLL^{FnGAnGd@v@|GzD`EhF`JaE`X_@sAfI_Ip[aI~q@_DYeBlAwBtRmD~IyA~FuCdC}KdBuBGwB{@oHsHcN}Ao@nCkFbLeD}BmDmAkEcGkFsAaD?eQdCiDSaG|CeDa@Dh@jCA`GqC`EFzO}BlEKtF|ApDvFbJnEmE`SNbJr@tDoAdYcBvHkGxPqA|GMbC`@pIOfAyDtEeF~WqFhHwHjEmAxJk@tAd@w@`AmKuLbG{F`EiKvD_TjKkEhDmDjAcF`GiEkKi@]gIvBmHhDyFlATl@d@{@tEaAxFyCvIcCt@l@rDhK_KlT_ChJkE`JgAj@}Ez@oC|CeKbH{FlFgEfHCzAm@MbFyIxB{BpOyKhDoD|GiB`DsGbE_ObIoP|FwHtDoA~EoD`WaMrHgCxPoK~JmEdI_JlACvM|CjGfHgA~BKvAVbDCtHp@nIy@lBsCrC{@Fw@w@kA_DCsB}@}@SoAWeFt@gFOe@UNHbAi@xDp@|Hc@zATj@zAl@|AxD`CZ`CrGKxCkAjAyCx@eAlC_QqCeANeBvBiArIcAnAaBj@_BkGFo@g@Jd@|@|FpZlAfBvBXlEsBjHmB~@eA^aCIeL^WjC`@^n@VUmEgA^mJmAbM}It@TVvDaA|CXF`HWfCy@xA{C~@Sp@f@nA~C~Bl@pBeCnCkDz@Ih@tDuAvCgCfB`CfGLfAdA`AbDgDfAcAdA_@|BB`CnEtAGg@cEs@FuC~@aCbE_BdChGtAhBtKlA]hFoM|AYUE`APc@`AQpOmAkBPYpGmAd@Rt@qAhE_Gl@yGjBeAuAwCKyGz@s@iGf@`G`Fs@xBEV^e@xHoA`LuEEAd@~A]nGVtBeTfDy@}BpXcBEsBgAjE`BQlB}EpCeAbGiDs@hDz@cBhL{@`@yDYa@w@QrBTeAnGLvBiLdK|C{BbMeArJkFy@{CeBmB^{DxHcBfI`@@WSRDlAcIhCyF|@w@nBE|C|AfFp@vAgMpCyNhCv@JxBu@~F^JUaBbA}GeAw@zFmWgDYtDD`BoG_EuBzDhBx@qBxAt@qAwAjBiHMmGDfFWvCrCvByGvRbKsZh@yHoBFSmCHxCwAD]gEb@WUWUb@b@~E|Ec@`EiG~D_Aa@e@mDp@vDNjBiAlBgHRaWv@iW~AeM`@y@sAgWZcMdFcY~@sMe@kEmGwMoD_NUeCLwCjB{Hd@aFVmh@nAiKnDkGz@qCzG{a@lEeLbMogApEaPfCwLl@uF]y@_XxAqItDqDwEeHqEg@_AJkGnFuG', 'resource_state': 2}",False,False,False,False,everyone,False,,"[43.013712242245674, -71.52334528975189]","[43.013642420992255, -71.52337135747075]",6.562,16.134,129.9,895.4,False,False,False,False,201.6,48.9,9739260025,9739260025,BFFFB1E0-3F04-42E4-9770-E9250F56601F-activity.fit,False,1,0,False,,,
7,2,"{'id': 45406272, 'resource_state': 1}",Lawn mower yogi,4304.6,4535,4838,0.0,Yoga,Yoga,,9065993045,2023-05-13T18:41:35Z,2023-05-13T14:41:35Z,(GMT-05:00) America/New_York,-14400.0,,,United States,0,2,0,1,0,"{'id': 'a9065993045', 'summary_polyline': 'uqj|Fphq`M?JJJGAAEGCB@AI@CICGKD]vAf@?QBHH@FDD`A@h@a@TGGEa@GYA_@MG]D@EGKAGFLBAI@AUBORQD@@GCEF?R@DLTTHBHd@HRFp@i@^GECKMSCOBEE??CDDADCEAOBC?OIGALA?YIAMFI?KCIKACGDKLDHEAI@CP?BE`@d@JFLl@J`AG?Y]Mg@^^DJDb@Y_@M]CU^r@HZEDUYSo@AOH@JPTx@@JKAIK[{@AO@IA@?BNF\\j@Hb@OAMOG?ADFDBE@EO@?DFAAA?BFA?EECAIMOCME_APJRXHd@EDK?IEKMAKGSC]VHTZDX@NGDSIYk@Cc@RJZ\\BF@VERFBDR@HIDSI?DHNC@EAGMJNCBQWPVA@OSCM@IKYGk@Ag@VH@H@IEACHF@HRJHDN?TB\\A\\@@CEIBANB@DGFBIFQBCA?SIUAYEOCYIWTPLDH\\CHFZANBFN@[TGECJMDKHK@@DP?NIFKVE?EA?WNN@TGGEULGCK{@ImAG?EFU?BIBA?EHOHIHBCHBFF?AGG@MPU@HIDMPKKTUH\\e@W`@DWRMGFETKJB_@VOC@G\\GD@UVSC@AFC?GNGFAI?ITQC?EXKFGGAMH?JKPGCNGJ?IFMCDCTGHRUB?AFa@V?BB?XUCCGDCFQNDBXW?HCDYHKJEA?HMWC@?BJHGQCAFHBPDF?PNvA?JBDIEIUMi@CY?GD?LTABFJALF\\?HFLIEAEA@B@AIAAABBACG?BBGEME@@BBCIUBIEKB?CQCDBECKA]JBL~@B@@TDN?`@BEAGOg@QuA@EVKHCHFHTBPFFN~@]ZQDECGa@@GEGQeACC?BNRL^?FFBAN@DOOCWI]CARRFNHVCACBDNCE@GIGMm@X@?E@@@DIJFFHb@MIISAKABF@CCBBGWPPLd@?CMISg@A@@DL@A?IMPDRt@E?MMI]?IC@FH@ID@Vj@OGSi@AD@BNAXj@IGAB@@AA@D?EIGO_@B?FQFACMF@BJID@BG]HRB?EOCD@FD??EECDJ@CAGC@?DB@@CCEADB?AGABB@CG?BF@GDBJCFTh@UQI]BEPBAJHVANF?GACFIOK[AOH@Xj@EBGEIMI]BARTJZKAAECB@??CECM_@BCHHJZCBAE?GKWC]F?FHPz@?TEJMFMBAEMFDBHEBI@ODCJFBHCL}ArAKEKUUEMKEK?q@AC@?EA@A', 'resource_state': 2}",False,False,False,False,everyone,False,,"[41.510833, -73.65785]","[41.511378, -73.658433]",0.949,4.24,,,,False,False,False,260.6,257.7,9725897171,9725897171,3E4C72A1-13C3-46EB-BA8B-3C1CC09244D7-activity.fit,False,0,0,False,,,
8,2,"{'id': 45406272, 'resource_state': 1}",Deja vu,38910.0,5668,6176,561.1,Ride,Ride,10.0,9054727236,2023-05-11T21:07:33Z,2023-05-11T17:07:33Z,(GMT-05:00) America/New_York,-14400.0,,,United States,3,3,0,1,0,"{'id': 'a9054727236', 'summary_polyline': 'emleGxoesLqSlCm@OKq@qDs@c@sCg@YwM`CaCHsAbAeA`DmC~NgA`JsCrIOtGiD@kEvDiC~A_RrHa@|J{A~FkPpb@qRpYuEfI_Ax@kFnBgCfCuO|`@iCjI}GvO{CjFoHlIkC~AkQnBaDzCyDfBgHlFsPMeHd@kBbA{EhEaMjFGvB?qAQ]}Fn@sBl@wNfHcD`AqF`IH~@f@zARFBq@_@Qo@mASBoEjGsGrGuKrH{FbCYx@eAhKBdCx@pImHnAyEhB@XN?nDqBdIsAN~NWlCsDlIoDxKyAzLuCdLyApHq@tFE|C}@dDuA~C_AdAcE~BaLvBoEnDeDlE}HnCzHsCrCkD~E_E~K}BlFwCdAkBzAoE^gGh@gEpAcHlAqD|AuHzA{L`EoL`CsFXExCvBbANnB}@nAwBbA}@v@c@hAJ@w@k@BqCvB_BjCiAl@cBOoCwBFiHSkKNa@tLwAbDj@vC|BhDd@fJeAjMyB`Dl@j@TOc@qAHyCa@qJrAc@eDqC_Gi@}JDkBhGhA|B@lHeCtIwAnA|@dBfDpA|@jSpBxFhCzF~@|BpAv@{M^aAlAYvDt@xAKrHsDlAkEfBuL{@wKMiH\\yFqAkKNwGUuBKTZbB[tFzArL[pFPxI^tEh@rAdLcDx@k@\\iABeA]_M\\cA~@{@zBQ|@^d@|@|@dGx@hAnAb@vAShAcA|FmK~E|ChCUrAwB`AoGMeCo@_BkBo@}Br@sFdOaGfK{@f@}ADyAaAgAqG{@}AeBWoARo@h@a@hAKxAZdLa@nA}A~AjAtK?zDbAnK`@JdEyAhMyAJg@e@kILm@nL{BdA[@Ss@l@iN`CO@ZOcBk@}BrAXLdB}A`Bl@f@rJP\\hDGfDn@rGo@rFqAa@[U^uDbAiFn@_B@wCo@cCXE|@hAlMHxEZGUYI{CZg@jW{BjCObANcBQqIf@mPhBQUs@qEg@cGo@MyMjByQtJiQjEu@p@QbB|FzCfC|DjDdDtCdIgDrAaJFOf@PLXi@v@KjGAnDcAz@v@|EyCvH{Bh@Cn@h@Ge@yABgIzB{DjCOh@~FzGfDrChBnCxG`XzAxChLjNtG`A`BzAz@|Bh@bEdBbId@dIEzA|FFvFj@dHtHfB~@fDHhEgAnE[~@i@`AoAnAcF`EaKpBoRp@}@hAI?p@`@bAD|@YXVSb@\\?hBZAtFej@hBiNrEcQbD}Np@qGsMPyJt@eItD{DiFsGmDq@iAI_DNsBnFaH', 'resource_state': 2}",False,False,False,False,everyone,False,,"[42.994919093325734, -71.46764871664345]","[43.01365792751312, -71.52333539910614]",6.865,18.736,135.8,769.4,False,False,False,False,177.4,46.5,9713986066,9713986066,680D9FC0-73BE-4AF3-BF7F-2F66FF3707F4-activity.fit,False,0,0,False,,,
9,2,"{'id': 45406272, 'resource_state': 1}",Morning Ride,10570.7,1589,1648,121.1,Ride,Ride,0.0,9051656079,2023-05-11T12:31:16Z,2023-05-11T08:31:16Z,(GMT-05:00) America/New_York,-14400.0,,,United States,0,0,0,1,0,"{'id': 'a9051656079', 'summary_polyline': '_bpeGtlpsL?@FAH[DKh@_@RYL]t@kAXs@Pm@@a@J_@@Y?UMg@_@y@Qw@Fg@LKNEP?PJNh@p@pBzBhBFH\\Pp@?ZChADxAAnAEhAMt@Cf@GL?n@Eh@UJAXQl@Kz@Tp@^^Nt@b@^P`@^VFNANE~@k@RSJMj@{ALUJCTFzAbADJD@ZYzBoDlC{Dl@y@|A}AxDcD|C{BhD{Bl@g@^c@`@u@x@qBD@HJv@p@T`@HFf@t@JXPLXb@NLb@j@XTfAxALV\\^DJFBBGCEi@k@eCcDg@i@g@s@iAwACIAKj@oBV_@D@r@z@PNf@p@|@|@Zd@~A`Bl@v@NLNVLFLRLLBBBACGa@[mB_Cq@q@oEgFe@s@c@e@EIBQ`AcBR@FFdApA|@~@hBxBhBrBv@r@P\\h@j@P\\PR@EAGEE[WWWsAgBmE}EGUgCqCGKAI?Id@a@t@{@F@d@l@`AbAdAlA`@ZZ`@DLXd@Z\\tBxBNTlBrBf@n@^ZPV@DAHOTKZQXQb@ANL^\\`@^`@HBHETYv@oAF?DBJP\\XNTFECIEGQAOMcAwA}A_BkBaC{CeDkEcFMUsB{BMW@GZ]~@yA\\m@dE{GVg@p@cB`AkDv@sBfC_Fb@y@`A}AbByDhDiHjCwGx@sCpC_KL_@^s@J[@MGe@ES[_AeCsJa@qA[u@_@s@}A_CoAsB}BeDmCeEaA{B[}AOuACo@EuDAoEIoH?yAE_B?q@KaGIkTGwIQkKCwGEkCD]@[CeB@WDK`@SvBs@~@c@zAqAj@YHQCiBIeASsAK_AWkBG}AAkAIgBY_GsAyY?QHMJIJEj@BrAYf@AHBFFBJ@VAz@E^ApA@PCNBR?|AERYN{ALoAVaAHa@FGD?VKHAV@BESCB@ADD@EBB', 'resource_state': 2}",False,True,False,False,everyone,False,,"[43.01360730081797, -71.52346380986273]","[42.99495614133775, -71.46769699640572]",6.652,13.708,134.2,213.3,False,False,False,False,107.3,46.5,9710758523,9710758523,434015CD-A351-4CBF-AEF2-EF56CA1302ED-activity.fit,False,0,0,False,,,
10,2,"{'id': 45406272, 'resource_state': 1}",Goffers service roads,34355.1,5588,5805,311.6,Ride,Ride,10.0,9036506678,2023-05-08T21:34:54Z,2023-05-08T17:34:54Z,(GMT-05:00) America/New_York,-14400.0,,,United States,1,3,0,1,0,"{'id': 'a9036506678', 'summary_polyline': 'wapeGnlpsLoDbDuApBO|@BnEr@hA`HtDv@dBpBxBv@D~FsDdLu@xE@ChDXoD~DLgAdH{Iz^}CtYkG~i@_FvMkG|_@}AxE_DdGcAbJ[th@a@nFeBfHMjD^pC~DbOIt@`@tFYiD@o@^YdEdIj@zDcAtOkEdUm@b@Zm@jAq\\mBdh@HvFz@|UXHtPeKo@LI]NeDS_BhAgAkAyDIp@n@jDm@NeAeChA_Az@dDw@v@PjBS|DcC`ASwCVg@w@|@j@dD_KvEsBlQqFbMaAzEu@lIeA`G_@Kg@qFk@AUf@Pw@v@j@VlEl@~A`AyA|EQ@jCp@IM{ByAHxCc@?{Mh@iSjDMx@uA?oA_@LEjAh@Nl@xChDQa@g@cAbA{@KkA}Ci@Fe@dA_CW_@xHnELGlDZp@bGHp@h@LhA?y@_@k@iAUm@oD_@k@{CJEdDRj@hFAdA`@Pl@GdCgBNW^]~O|ISqACXaAAoBk@}Bg@t@f@JL]yAcGgCCkAzW{@j@mDNOYBqBd@yAr@HJ\\UXj@Gs@gAc@Di@lBD~BeApCVl@pCfAo@dDw@`Am@FOz@|@`D`@z@PG?YmBwCNiAv@Oz@}Ah@wCnBPdCm@t@dCc@iChHkBSyCFjDwGjAG\\h@hBUh@Tg@k@uBuDb@iD}@gG{CgBb@Lb@J_@[GDvE|AnEX`CKnSPxIbCnFfF|D{HvBQcAIsMnEcBLa@SmDzA{@r@Pu@xEoHbBGy^yBgJNsBj@R?|@EiBYV`@F@m@}AOiCz@{@bAYWc@_C\\lCRCBZ}BzD}BoHo@aMGjEV@iFJ?pAXZtEQScBoE?h@uMvA_KWeLzGhCVYWo@_AVaB[cC{A@qB`DHKu@Ol@sCGkBkZLmFrBwLp@gNsDQwFsB{B{CkEaEgC_EvBjD`FjElBtC~ErBtEf@zAeMBmEuEFk@gKmB^s@fATlGXgInFkClDq@w@iIkBNsBgBm@ZS~@Fr@h@d@nBMJ}@NdAxAILc@eBcQ?mFfFySj@sH~@wC~@o@VaGiAoE}AsCgKwJq@gF@_CUPr@|GGp@wLsByBcBwA}Be@aDKwFRoDlCaLpBuGxCcHxAcApHJd@kCUwCDjHdBF`@_C]oFXbESxD~I|IvFn@pEfI^AlAaFXeEvCkCtAsFhDkIhC{SjAgAxDTTk@dHwo@xFaTnBgJx@cHsYhAmGvD_AA{DkFaGqDs@kAG}CPmBfEiF', 'resource_state': 2}",False,False,False,False,everyone,False,,"[43.01356656476855, -71.5234396699816]","[43.013828583061695, -71.52364209294319]",6.148,13.972,102.7,573.8,False,False,False,False,121.5,48.8,9694687307,9694687307,B98D4987-FF26-4250-AE43-2D82BF5460BF-activity.fit,False,0,0,False,,,
11,2,"{'id': 45406272, 'resource_state': 1}",Walkin the lawn mower,767.1,744,788,0.0,Walk,Walk,,9023379867,2023-05-06T19:27:59Z,2023-05-06T15:27:59Z,(GMT-05:00) America/New_York,-14400.0,,,United States,0,2,1,1,0,"{'id': 'a9023379867', 'summary_polyline': 'acpeGxkpsL@CF@AB?C@@E?GDDFA@GIBADJOKD@BLGIAEB?DJIM@B@A?DDDEG@GAKJOAEFC?EAB?BBEG@BDBEGAADB?BGGACDB@DC?CCAEFBDFGIECB@HFGGGCH@BF@BEAIC?ED?FBBDEAKCACF@JD@BE?MCEE@CJ?FFBHC?KIGGDBNDB?CB?BCAGIGGB?NF@HC?MCGGAABCLBFD@FABKIMEBERDFB?JOEMGAGB?PFJD?AADCABBA@MCMEEIDCTDFAAFBLI@@@IKSGBEDCH@BFHA@FA@B?JC@AO@@@EJC@EGMIEIBCH?DFNRMBIGMEAQP?DHHH@JIMYC?CJCACD?FDHB@TIDBBJDFANGI?IEI@GD?C@?B?IGKEK@BAA@@C@@ECAEJG@GFFNB?BNCABAA?A?D@A?BA', 'resource_state': 2}",False,False,False,False,everyone,False,,"[43.01377443596721, -71.52332299388945]","[43.01375079900026, -71.5232411865145]",1.031,2.254,,,,False,False,False,48.9,48.9,9680688886,9680688886,B66ED748-BB0C-45A1-9EFB-02FDB336C841-activity.fit,False,0,2,False,,,
12,2,"{'id': 45406272, 'resource_state': 1}",New Bawston bog,40693.1,5817,5934,440.3,Ride,Ride,0.0,9017845143,2023-05-05T22:01:13Z,2023-05-05T18:01:13Z,(GMT-05:00) America/New_York,-14400.0,,,United States,1,5,0,1,0,"{'id': 'a9017845143', 'summary_polyline': 'yapeGblpsLGn@sAt@wCdD]xACdD`@vAlHdEv@|AdClCn@@|E_DjAW~Js@pKI\\Tq@zEmJj`@cBbMcAlLmC|TiDWu@Xi@v@yB|RoD~IyA`Go@`AgBnA]~EwApFhAtIeArM?zCW`EFfMU|Ve@dHiBzHKpDR`BhD|MrG|MXrAFtBcA~MqEzUa@vIoDPc@n@`@pCAhEXtF_@nELXfAf@s@|TQ|AyBxFaAnEcAdKa@zAa@jDj@lEH|G@pYpApHrCbJTtOr@|LOlCiIxm@gAtEOpBhAfPxE|XjArKvA`KM~KsBfPOhE`AtIpBlFlAlESl@aClA_C{AdBfBjE_BeFgOe@{EFeGnBiPLeL}CqWgFgZw@wIKeExAeIjDiWVKtEbCaF{CnC}RPGxBxBx@~MCoAJSxK_AVqAKKGZ\\jDvDc@Tg@CcDqEl@QQMuCTe@l@LzCg@XT@z@QbBaEp@YWQ_EmBBgCdAcAAkGoEKa@NaBG_Ce@gGLQbJ}AzArAdBdCfH|DbChC`GlD~FjFdZhThIzDxGnFrJ`AnB`Ar@`AnB~GdAfLb@dB`BvAvIh@nFzHrHhFPv@IjA\\fCdAfDoAeES_CHaAiBeBcF}DcCcDeAsBw@_@qHi@{A_Ao@sCaAeKuBoHoDkB}IgAoIiGG_@JuB]aFu@uCoA_DqCcMkFIkIvC_Ee@R`@fEFdIoChE]w@uF@kAnM|OtAdAtN~ExLxAnEjC`F}BnLw@n@MHYqAv@yK`@uAh@gB|AEXx@dAlBrIrCdCuAw@_AgAmBiIkEwD}A{@uM{A_I_C_FsCeJoLuBqDiAyPUiAaDd@uBvBoAp@aAFuA_@kA{@}@gBoAeJqBqDW?Ej@~@ZxAlCfAlI`@~@vAvAtBf@W~ANvEW^i@BBX\\B`@g@QiEf@yBxAs@tBcCpD{@OgDJ_E\\yCd@W[k@MwEQ{@yAaBeAk@}@jBaBRIR\\OrASz@{B{BwBjPkH{@h@eO|Fo@OSa@sAiGoBy\\oBmc@NQ`AZjItDZHBWa@PkUiK{@Cm@tDBhCvDnTPU{BsJiAaHIuBf@eF_ImEiLo@K\\`@|GT`AHE[{@g@kJoBdAe@o@}@kT@mDT_@tDJ_Ek@PmGb@oDdEeTt@aLGmB[}AsGeNiDwMWkBDiChBgIp@uGPyg@l@mG\\{AzDuH~@gDdGi_@xEaMfFmc@jBsS|AgLvFkTxBgKp@_GWc@kXpAyB~@mCnB{@Ps@k@yCoEqGsDs@{ACuCTgBhFcG', 'resource_state': 2}",False,False,False,False,everyone,False,,"[43.01357025280595, -71.5233791526407]","[43.01366019062698, -71.52345601469278]",6.996,15.972,131.2,763.4,False,False,False,False,207.9,48.9,9674841612,9674841612,D1E8D6FF-CD20-4337-8A13-27F50CD61A43-activity.fit,False,0,0,False,,,
13,2,"{'id': 45406272, 'resource_state': 1}",Mountain base ,43009.9,6617,6819,666.8,Ride,Ride,10.0,8974390780,2023-04-28T21:09:58Z,2023-04-28T17:09:58Z,(GMT-05:00) America/New_York,-14400.0,,,United States,4,2,0,1,0,"{'id': 'a8974390780', 'summary_polyline': 'qapeG~lpsLeAViEhFAdGj@dA`HdEnDxEv@DxGuD`Km@xLHwArIkI|\\eDb[gGdi@}ElMiGr_@mAbEkD~Gs@|E[hFHdK_@lZ_@jEgBxHKbCVvC~CdM|GrN\\pEaApMmEtTg@xJcIz@q@l@Uv@@lEbAxCPvE\\rAjCbBxDCDfATL`_@kTZTb@zHVVi@mCAwF`LgI`OiPZVQdDz@zAfB]`BkFfAy@n@?t@l@TlA[vAl@CWs@Yp@l@Nc@kDyA{@yA`AwBdG{A@q@aBXsEzGaJ_@aA{@i@wC`@Ua@HwBdA{Cs@{KHkCxAwAlGw@nBh@LWcCYcGz@gAl@g@`Bx@lMiAjEA|B_DtBy@D@h@vH{DpABlBnAzDwE|F_F`NoIxA{AfBaEhBC`AV|CbC`HdBtF`C|Q`WxB|AxDnAtBdBr@pBf@hMW[KcKa@_CcCuBgFgB{C_DBe@jBeBj@qARwDKeFReA|E}H`JeDzGgEnDqA|U}DfGzEhFDtCvBhEr@rAdK_@vDp@p@z@g@F{@kAgB_AgHGsBr@}@P_B]eHiAmCqCcDaAMmDf@kDwAw@Au@`@kAnBaBhFaOdCkAyVbHuNjAkD}FdDaFr@sSfGg@oJDpJuHLU^@bAMcBmGq@uL_FmFs@qAvBkFbQiI`^@f@TAQe@nB{JxLmd@zAsDfIqMtFwH|JiIfJkDjHy@nEuBEwAeCkHe@aFo@x@t@Zr@zDdB`Ef@dCpNmEbG_@dJeB~PYvEqAqChAsD^mNDaI|A{FX{NfEuCaI{@aGv@gWGaCg@{AaDsEiAiCqA_ISuIz@ErEhB^tAJ|GdF~I`BXdB_Ab@cA@_Di@sB_EsH@g@dAqBJ{AM[QRLfBkAlBsCmDcBZu@lBuFiARnGhAbJoA}Im@iNmAiPYi@gDbAmM`C{PIs[hI}IpEnIiE`\\oIfSEbPcEOgAg@lAdHAp@_Aj@qIx@yB`DaEtGuEjFMzFzCxJxBpCpCjAd@~B@lImB}JpBsAIiF}D}HcB}FyC_CYiDVeF|DmCxCwAnDiArJq@n@kE[s@uFsDiBKc@_CD{Bz@FZ~A{@dBM|EhBZOZwFGsAcA}DeAkBaCoHHe@lMoFbDhEjAx@vEl@hB~HyAqFEkAxCoAnAkA~@{BZaDYgCsAeBcEmAsELcChBiA~D}ApCkMhF_AeDe@oHsCqQD{AlAkGWe@uUjHmGn@cI]gRmDkFC{D`AmObKoBv@aMvAsRt@qHzDy@e@wCeEkGsDu@_AKuDLaBpFaH', 'resource_state': 2}",False,False,False,False,everyone,False,,"[43.013533456251025, -71.5235155262053]","[43.01365155726671, -71.52335652150214]",6.5,14.896,134.1,887.7,False,False,False,False,254.2,48.8,9628800615,9628800615,BB5E8FB0-077C-40AD-98AD-0D4CE8F1FDB8-activity.fit,False,1,0,False,,,
14,2,"{'id': 45406272, 'resource_state': 1}",April showers,45699.3,6863,7446,531.6,Ride,Ride,0.0,8957164634,2023-04-25T20:07:55Z,2023-04-25T16:07:55Z,(GMT-05:00) America/New_York,-14400.0,,,United States,3,4,0,1,0,"{'id': 'a8957164634', 'summary_polyline': 'sbpeGblpsLe@g@b@~@gEjEg@bA?pFf@dAlHdE~@nBxBpBbEyB`Cw@|Jm@zKKZ\\yEvUwE`RsAvKoItw@}E`MiGx_@oA~DoDdHy@vGMrCKzd@i@bHcBzGKpDPhBfDvMjGnMj@lE_AdNuEtUk@~NdApWwBzQs@rXC`RgAhFeAxB}FzAqD`G_NrBsE]uPNk@sI@iFDm@MdE`@pK}G~AgGLaHaCcLz@qFeBuGa@}FkBeMgCiCOaKhEiG~AwMrGkFv@iE]kDoAa_@kPwFoFsASiGlDsHnJwDfDeMtEnIiCzFsDdIyJhIkGpEwHhCoCtNgK`DgDfBy@xBEz@c@tAiBvCiHVTn@hIh@~@pFjCvLNbEfEdE|Cz@vKx@jFp@|AnCnDkJrEgIbCgMlGOl@G`Ga@|B}BvC}BjB_AzC_BvJeBzDmFvGwDvAsUhDkDq@uDsBQ_@~DlCfDp@bIw@`JoBXZf@xGPZJWc@w@WqF|DsAhEsFR@GlD^jOg@zGYfNAlI_@`BuBlD}G|G_AbCkDbGwAxDKrDtAbWG^oRtDuBnAoChDiCnB}HBoIxBjkB}SlCuA`GaApDlBz@xAxE~@`A`BBbAUrAJHHiCi@uAy@u@wDi@aAyAqB}@U_@J]`F_BbReBtIsAXc@aA{JaCsLaDqGyDcGSuAFiARaAt@mA@c@kAbEJdCjExFxCnGlBvJtAfNjL|BRKZkBClBXZrJpCnHjD`EPk@pCgEtHcDhLmFb@}CYwA}B_@oDXiCv@aAp@AFe@]Aw@~@m@xAEjElBtDtAb@~HU?dCd@~EMrN_@dHeAlETu@p@OhAaCn@k@mBrDg@?lA_UAsFg@gGRwC`@YhAx@dGfHMbBuAdAc@bCZkBxAwAR_AQ}@{CgEjAeDuAtCcDoCrBoHvEqIh@aCh@IxCpAmDqBd@}C~@kAjAE`BdOtFd\\t@rIFw@W_E}C{RLq@vHjDw@dF`FzBbBdB~A[zA_DLq@MUwJ{CgLkFaCaO_A}K[eJ@oMb@yKlF_o@rGq`@hCySvBsLfBiGbA{@`BMJHCa@wAS@XYJEe@nAg`@jAgHJyB}Ak^cAwNPqCxBuLp@iNzAsLr@uQ]cH_C}SM}Fh@mDpH_YpAqHH}Ba@cC{AeE_KuJqE_BsG}@wDqCw@}Ae@gCI}I`AiGzCwKrFwMpBSjJn@vGfHfCnAtCD`EgAdEU`BiAl@}@jBkG`DaIdCeSzAiAxDZdEeb@hBgN~EoQzBeK~@eI][oXvA{FjD_AJ}D_FaHmEg@_ABgGnF{G', 'resource_state': 2}",False,False,False,False,everyone,False,,"[43.01370712928474, -71.52337295003235]","[43.013664465397596, -71.52336113154888]",6.659,18.38,120.0,823.5,False,False,False,False,217.0,48.9,9610571414,9610571414,DFA0AF72-F273-41F3-A947-432603253964-activity.fit,False,1,0,False,,,
15,2,"{'id': 45406272, 'resource_state': 1}",Afternoon Backcountry Ski,11283.4,11042,22769,1159.1,BackcountrySki,BackcountrySki,,8938736863,2023-04-22T13:05:25Z,2023-04-22T09:05:25Z,(GMT-05:00) America/New_York,-14400.0,,,United States,4,6,0,3,0,"{'id': 'a8938736863', 'summary_polyline': 'cacmGfs{qLoB\\kB~@k@p@@L[f@}BhBaA|AeARw@f@_@n@Cx@Lh@n@b@WdBtAp@l@n@p@VVj@OPcCb@S^e@Ji@zAEd@TZz@Bv@N\\TZ|@]d@sALe@J_Ar@k@r@GjA_@nAQ`BHBIEAj@_@xBDhBLDSC?PJC?[ORHBEFH@I@@f@Tb@R`DAjCKtAP^AjEq@|IDNe@pFOz@CMHLIPCpAe@zCe@pAq@fH_@f@[pBy@v@?f@Qf@W`CA~Aq@^e@jAUpBBl@YnABh@^n@dCF`A`B`AxC|BfAjAlAE`Bp@pA@b@c@`@WfBaBrCq@dCr@h@fARz@jBJAV`AdAjArA`Cx@nDt@f@HOCVJ?MEFD@AISGlAOd@WGc@z@Gh@RHI?OQKdABdCi@fAMr@K?Dt@[fDe@z@O`@@b@YTSbDNl@El@XbA?lA]pCC`DE\\mAfCF~@\\f@KMFQZnCNZrAxAd@Gf@h@\\p@d@TZn@GDJt@^XI@HMCh@@PFEO@VPC`@Rz@Ed@DNBMCd@PNRbA?GDT?LILd@EFJRJPCGn@SXPaAQ@B]INmA_@DcAWOXK?o@Uu@SMAUQEA_@FF?RSgC_@BIs@_@KCQkBr@QGAg@_@oA[s@KDLJOMHCG?Ci@Q_@B{@GiAKa@LJWSAP@SFFEQBXJ?MA@MATFAGDEGJRMCJGM@FEGGL?IRCMHCKQHXWIPIJDHJMCIwAQBJB?B@QIFHDn@sAb@wAFiDVqCMuBCcBOc@L}B`@o@Dg@p@eBCe@Js@EQLc@Gu@hAaC?eDLk@`@cAb@WFs@R]K?\\QA]t@k@PiCEyA[iC`@wA_@yCLu@q@iAc@_BOcAAaA_CaCmAiEkAoBgAwFy@kAu@iBQGLSi@a@I[^u@j@q@^{BCwBOKOmARkBn@aBVQEMNM^qCvAgD@wBPk@IUCeBH{@A{@IEB[SIEi@Pu@Ku@D{@d@}A]sAFCKAF@AqBJu@GSw@K@_AISL}EUcB_@mIf@cCJ{ATc@PgB`@eA|@u@fCYh@o@Ik@g@k@wBW]WRsAXe@v@e@`C]VU?[e@q@gDiBZwAI]e@]WgAb@_Ab@]~@MdAeBhEcEnAg@^_@`BUlAGBm@e@cBaBgB?OOT@C', 'resource_state': 2}",False,False,False,False,everyone,False,,"[44.257625145837665, -71.25314952805638]","[44.25805673003197, -71.25201252289116]",1.022,11.398,,,,False,False,False,1616.2,616.3,9590720202,9590720202,6A91AECA-7EC7-4D76-A097-FACDE4BECF6A-activity.fit,False,2,0,False,,,
16,2,"{'id': 45406272, 'resource_state': 1}",Afternoon Ride,11427.5,1639,2363,108.4,Ride,Ride,0.0,8932823866,2023-04-21T21:12:15Z,2023-04-21T17:12:15Z,(GMT-05:00) America/New_York,-14400.0,,,United States,1,3,0,1,0,"{'id': 'a8932823866', 'summary_polyline': 'wk{eGvgosLECLBb@d@LPH@JTx@bA`@t@Rn@NpAB|AAjDB`ANtBVfARd@h@v@bAx@t@Xr@b@LJV^F\\FH@NHHv@]|Cc@tAo@hA]vDm@dCaAr@QTKn@g@jAw@h@QJILEjAQVKVCb@Ml@[`BcAp@WxASfAGhC[|A[TKdAu@ECORSP]R?HZ^d@P\\Hb@Xt@\\`F~ChBv@XPxCbAnAj@~@p@`@j@\\p@PLTEl@a@pBw@vBeAJKd@[h@e@VIVDl@Zf@j@`AdBh@^h@N|@Hv@Aj@Iz@A`AFxB?f@@nBPjCn@bAHl@Cl@MVIl@[XI|BaAr@UpBWv@OfBg@XCV?VDj@Zp@bAd@fAZj@n@p@PLd@RtGf@nBHx@JNPF@PEH?nCd@x@XvAp@fB~@l@RdANv@DpAT`@P~@t@hAh@`@LrAXbAXl@Hr@B`APz@^f@Z`@Td@Jf@ZXV|@xATf@nB~Bj@f@LHVX^ZXj@V|@p@lBt@`BHXNTRb@^p@b@d@Vb@lAxAdBfBxBjBz@|@l@r@T`@l@pAVbA\\hB`AxCh@xBvAdHNb@`@v@z@xAdCxCxBbChBhCTVt@`@\\HlDXVHp@XVRh@n@NVTh@Zz@Pv@NzALv@FPp@rC\\~AV~AHxAFpCDl@?TCTGRATDPLJLB\\KZEbCLtAD|ANr@@XDXJn@f@~BnCnBpB`@^t@\\bALpB@\\El@WzA]JGn@GxA?z@I\\I`@S`@SPSh@q@Tc@Ru@\\_BZcAhAyCpAyCVu@PcAPuBf@mE\\sDF_@Lc@^m@NOPI\\GdALvA\\HAHEFKBM\\kDxBoSR{CPmBhBgNf@}BxCaKl@eCbCeLBW?]B[^{B?m@EISGwBPq@DwCD[AeABkE^_ABMB[AKBYBq@@IB{@d@}@n@}BvAe@NQAQIi@g@cAuA[e@Wi@IIYU[KcB}@YWe@Ug@]i@c@QUK[E_@E}@?}ADw@HYXo@|AmBlAqAd@m@AAB@', 'resource_state': 2}",False,False,False,False,everyone,False,,"[43.07148199528456, -71.51755205355585]","[43.01366371102631, -71.52341729030013]",6.972,16.904,106.9,175.3,False,False,False,False,197.8,48.9,9584466078,9584466078,C69A0F3D-BBFE-4542-8831-A9882BA2F967-activity.fit,False,0,0,False,,,
17,2,"{'id': 45406272, 'resource_state': 1}",Afternoon Ride,14115.5,2301,2348,263.4,Ride,Ride,0.0,8932823653,2023-04-21T20:31:46Z,2023-04-21T16:31:46Z,(GMT-05:00) America/New_York,-14400.0,,,United States,0,3,0,1,0,"{'id': 'a8932823653', 'summary_polyline': 'i{leGrresLa@Je@HkDVGGEIAI@ICGQKo@CkAYi@UGIEKQwBEKIIKGMCuC\\mBXuEfAgCNe@Re@b@QXSf@QXqClO_BpLSdA[dAgAjCUv@CRA|@F|BA\\ELSRK@e@Gm@Oa@Be@Ne@VONm@n@iAfAyAfAgAr@wCpAsDzAkC~@wBp@EFGXM|BBfCCj@MhAc@|AAPuAbE_AtBqDtIuDlKeBvEmHlKyItMS`@a@h@m@fA}@fBg@v@UTc@T{@Zs@P_Bt@m@^m@f@w@x@k@hAy@nBwB`GUv@Ub@qDtJ_B~Da@hAq@bCeAvCeDxH[z@oApCsBvDa@n@u@x@]Z{ApBeAnAcA`Aw@l@{@b@[Hi@DgA@{ATcHv@{@NUHm@Za@\\w@`AWVe@V}B`Aq@\\{BjBkAfAe@Zi@PaAHiBQy@CkDJoCKqDFqAP_Bj@mA|@Y\\aBxAeAt@iFjBmC`Bm@P[RIV@PE`@@RVfAnArCRdA@b@An@CVMn@g@dAiAbAaAp@u@l@WLk@`@I@c@h@y@j@u@`@i@HK?]Fa@Q][e@s@CY@KDIFEH?JLBRGn@@LLVRNh@NrAGl@Q\\c@ZQX]@SEg@AiAQgFMmAQi@MYaAuAS]Qo@Ki@?IBIFGp@[RKJA~@[~@IhBIj@KH@NNBG?OIEKHy@NeCLWJmCt@cBn@]TcBz@_Cv@uAt@c@XeAb@eA\\wA^e@DMCe@Fa@Pk@JOH_Bf@oAVgBTaA?cBK}BWe@Ag@K[AeBYe@BeEl@UFIFg@Pe@XE@a@Xy@^s@RsAXeAXc@NkBb@cFzAeAp@cBpAmBpAi@\\]PcBZcEZICIIEKQaBa@cGO}Ec@yFMq@u@iBEW@MLQh@c@hAs@nAa@dGsAlAm@d@QXEb@C`@LRLJ@HEHIBK?OIWIEI?o@Ve@He@PwAn@iH|AeAXmBhA_@ZAJBR|@dBL^Jt@^tHN|DNxBBj@F^PzBGPSDYNSDeB`AaAn@_AZS@sAVy@\\w@`@gBlAs@TyClAmAPu@F_AV}Ap@_A\\}ALsA`@GCIKAGUe@]_@}@k@y@a@{@o@QUm@mAYoAOkAAeAB{@CcAB}@CmAEg@_@_BS[Ma@u@mAi@q@u@e@_AoAMGUBMNCJ?LBNFJFDRFb@I^DHF', 'resource_state': 2}",False,False,False,False,everyone,False,,"[42.99717114306986, -71.46809069439769]","[43.07153228670359, -71.51753101497889]",6.135,14.754,144.3,332.0,False,False,False,False,201.1,46.5,9584465839,9584465839,0015D862-64DB-4C7C-B23B-DAEE576A00FE-activity.fit,False,0,0,False,,,
18,2,"{'id': 45406272, 'resource_state': 1}",Morning Ride,7942.7,1214,1259,57.3,Ride,Ride,0.0,8930334558,2023-04-21T12:48:31Z,2023-04-21T08:48:31Z,(GMT-05:00) America/New_York,-14400.0,,,United States,1,0,0,1,0,"{'id': 'a8930334558', 'summary_polyline': 'ubpeGrlpsLJAFVACBEAPMKc@^SLe@l@c@`@eAjA_@j@K`@Ed@AbCHnAP^VVrAn@`Az@l@ZtAl@LLPb@f@|@VVbAnAVNZD\\Gv@q@NGJ?PM`@QTMFINEFGZMJORMl@E^@j@Gh@Cv@KnBIbAKV@ZAxB@~AG|A?NAVKPCJ@JJFR?TDHDAFIBOf@gGd@qE?Qn@eHh@}Bz@mBxBkEZa@d@{@dBmCfBeCl@s@dBaBlDsCnIiGz@}@j@oA`BsEp@uAp@cAz@_At@cAt@_AfG}Jh@cAp@kB^aBz@aCbEgIfAmBlBuDdDiHnCkHnA{ElAgE^gAr@yAD_@EQSo@wAwF_@iAg@qBi@_BYo@o@_AkAcBWg@{HmL}@sBOg@ES?UWoBIkA?}DCyA?}AE_C?oCI_E?c@IwF?_CCcA?wCGaF?mEE}EGmA?wCK}C?gCEcB@iAGgJ?MJMfA[xAk@ZOh@[~AkAPODAFIDS@MCoAEe@]sB_@gDGwA?wAKgBkBqa@?OBMJGr@Mn@Ex@MXARVD`@AJ?x@KdBHnB?^CLKHK@o@BKDi@BeAPW@[Fa@BOJWb@CF@RB@AEBHBEERCDOBKHC@ACA@AC', 'resource_state': 2}",False,True,False,False,everyone,False,,"[43.01370972767472, -71.5234589483589]","[42.995137022808194, -71.46791593171656]",6.543,12.228,108.4,131.6,False,False,False,False,88.6,46.9,9581825516,9581825516,AE6897DF-47D6-48FD-A74E-83EEF9EF559D-activity.fit,False,1,0,False,,,
19,2,"{'id': 45406272, 'resource_state': 1}",Evening Ride,24828.3,4140,4236,406.1,Ride,Ride,0.0,8915774602,2023-04-18T21:47:39Z,2023-04-18T17:47:39Z,(GMT-05:00) America/New_York,-14400.0,,,United States,2,4,0,1,0,"{'id': 'a8915774602', 'summary_polyline': 'ebpeGhlpsLHI]`@NBs@b@aEnEQrBDzCj@dApCdBtC|AxB`DnA`AfFsC|Cu@rA?vD]|LQXDLz@RFjAmArDcArBaAdMkIbBu@tBg@dEIbS|D|GRnCK~FaA|RoFJb@Ib@aApDiHlDoAlD?`@l@hBhBpCJCGO_@KkAeBm@uBS?eBvDfBpC@XDG_B{BQKQH[vBOdDW~@aA~AoBjBo@dB[jB_@jEaAbEQpDw@zE^~Av@lAfBfEb@fBATcE~AmCt@oNhD{FvCQGKWcAgFAyAToAzAuDz@uAtGuCzAyBbAuB|EiEpAYfBFD\\UnCg@zB@rA\\dAvAhClA~Ch@|Bl@`HTtAjE~ORdB`AvPf@lE^r@xAKJOmANe@X|@lFVjGl@zBPRd@U`BLp@U\\@~Ae@xDkBfHM|A\\r@|@b@jA^jD[\\eC|@OR_@COLBH`Ao@jJwC@wBLwAT{HZ{GOmC_@wAQW]@s@n@sDr@_VdC}IlAMVp@fEV~GLt@nA`DnAzAp@vAjAtELzDVrAP`@hClCdAnBGTe@h@mGzFcAnA_FhHuH~Ly@ZsCAiD~BeA^mDJ_Dx@cB?}D^qCGQa@EuIHc@pDc@nDyBh@QfDI|Cc@|@XNQKM{CPGJo@BYKYV[O]N_@EgA^mB`BsA\\uCDWM?MXsDEuAU{AGF@P\\dAGdCS`CCdAHn@CbAJzEGx@}BbCiCrBoDzGiDxCiA~BwFdE{M`F{@j@k@x@QDs@g@o@yB{@}HWsF@rAf@vEKh@iGTSa@CJJb@K`@eCV]QKLPJ|CQL\\TzBZf@XJx@?vDo@r@hBl@p@Kf@oBrBqExB_VvDi@GoFoKw@qBi@{BTg@DyCKBIeEZiXLU`Bc@p@m@Vc@Py@HcAAuAQcAN]ESQ\\\\|CWrBc@|@q@`@k@Ho@OS[JoUMkJb@gGVyBd@_BxCoFr@_BvAuHbCsPfAmGl@uBdCuFl@qBlA}IhDm[pAaOxBcP`EoNpAcGt@YpCyEbCwBEMI@IVgCtCsArCe@f@U?I]n@yCt@}FDi@GSc@IcB`@aAM]uAy@{Bi@{Cm@eA]UyAQuCp@mAH_@cAk@s@WMy@^Sb@Ej@Fj@Vn@x@x@v@QVi@Js@JKnD_ArA?Lt@NnDM|FFEIYDsEGgALjAIzADnAEv@IHmAV{Hd@sFlDe@Ng@EkB{B_AaBoD{BoBeAu@uAE}DNeApFyG', 'resource_state': 2}",False,False,False,False,everyone,False,,"[43.01363135688007, -71.52340924367309]","[43.01365876570344, -71.52336088009179]",5.997,16.9,128.6,532.5,False,False,False,False,195.4,48.8,9566498540,9566498540,0EFEBEF1-9F27-4146-B142-E36B283CD321-activity.fit,False,0,0,False,,,
20,2,"{'id': 45406272, 'resource_state': 1}",Suns out buns out,14488.7,12799,37426,1400.6,BackcountrySki,BackcountrySki,,8901108966,2023-04-15T11:33:46Z,2023-04-15T07:33:46Z,(GMT-05:00) America/New_York,-14400.0,,,United States,8,3,0,1,0,"{'id': 'a8901108966', 'summary_polyline': '}gcmGzj{qLYI@[tAJzC|Bv@xALpAq@h@_@K?YHHUTy@Rg@WLb@KR_HpEqAzBcBl@g@hAHt@d@DJXB~@On@vDvBRt@e@n@_D|@q@jAKXR^zBNn@p@Jp@c@t@qBFoAv@o@pA{AtI@tBZnEVhABzBWvFJAClBkApNGfEi@~DaAlCe@~FgA|CDPi@j@Uz@QxEkArAc@nA?rBYhBLl@XP|BDbC~FxAh@xAnALdCt@pAB`@m@hAc@tB}@nA{@nCpBt@|@jAb@rAjBzBrAzC?jANt@t@PQKLIKHA[JuASjAHf@?IDPJGACCFMGPXAp@Q|@QEk@~@GTLVY@Cz@JjBgAlCUxEOd@SAItAi@lAIzAN`@TnFa@xB?rDk@bCi@jAQGMbDY|@e@PCa@QAw@T_@y@iBnAe@MCDHV{AUWBGTo@Qm@c@g@QM\\Bn@n@z@?RCKi@s@u@T[XFLe@z@QdAQD@dDj@|CYn@u@QDrBq@bEo@Ek@o@E\\y@s@Ab@j@]j@T|C]BU\\I~@XfCMSi@BYERmB}@ElEq@WCj@kBs@Ct@y@[LH~@qA^Kh@n@bBE`CnCvA{A|BW~@_AJaAjAyAfDc@CUNVl@MHOSa@HSc@QSy@e@Wg@iCBuBlAaCC[q@Ws@q@@?MQJRGa@HPSPm@MRF@\\W[VJMHVIIJ?YFZSKPPIIP@QQPJILCS?JP?EKBVKQHHHGKPGQBRGO@FHEO@LFAQBLOEPJKEDUBFKPHUFZGKZB`@q@V_AFiBK?DuA\\L@SBHSFJIOMZSj@cB?}CJETyEc@kELqB^_@Fy@n@_BC_AZsAG_A~@uBHiAOe@f@oCv@w@Rw@QBRDCa@VM@c@p@i@N{D]}ABkBZeBc@_CJ_A_A}A_@cEkCiC_AeDgAaB{@mFsAcDkAoAQkAXaAp@m@Pg@@{CYcAVJMgAPmBXk@Ec@d@oAb@wChA_C^gE?yDWuBDeD^uBS}@GmBv@yG[yBh@aEImEn@oEZ_@m@}@GSLBSDRAOBEe@k@\\i@c@@_@~@sBvAk@hA?l@eA\\JgAgAyCq@XcBl@{@f@a@`Cc@NYq@g@}BwAw@BTk@XkAk@a@WsA\\aAj@e@v@IzBmCbFwEbCa@VMS_@AeAe@k@Do@e@k@_Ag@cC[a@c@]BFM', 'resource_state': 2}",False,False,False,False,everyone,False,,"[44.25871898420155, -71.25181487761438]","[44.25936506129801, -71.25145093537867]",1.132,15.448,,,,False,False,False,1745.8,616.3,9550948032,9550948032,2CD57711-F84A-41A6-9E3A-95899D797065-activity.fit,False,5,5,False,,,
21,2,"{'id': 45406272, 'resource_state': 1}",Headwall and last ones down lobster claw,14481.3,11857,27456,1530.1,BackcountrySki,BackcountrySki,,8891201488,2023-04-14T13:57:26Z,2023-04-14T09:57:26Z,(GMT-05:00) America/New_York,-14400.0,,,United States,5,5,0,1,0,"{'id': 'a8891201488', 'summary_polyline': 'uqcmGhb{qLLUxChBXbAEZd@^xDnAfAt@[~ANh@|@v@g@n@g@@EWDCkBfBsAn@uCjCeApBmANaAtAPx@n@d@QlB`Bx@\\l@bAh@B^Yp@wADeAb@a@b@c@`BbD~@b@jAy@~@mBHiAz@a@dAqAvHA`Ep@~F?tAMfBAvGg@|H_@|CErCs@tF_AfDc@~Es@lCKCHNu@fASv@a@vFoAvA[~BFp@_@lAHp@VZ`CH`A`BbA|ChBr@rA~AH~Aj@jABf@{@zAHVKr@{AxBm@jChBl@|@dAb@xAl@t@GXfAl@v@bBb@jACt@Nr@p@NDTExAMXSIa@|AID@UINMlANjAQxAQJH\\_@CSn@WdFURIGAKDPRC]~@]lAQbAAv@P^VxCCr@YzBMtFe@vAUHB\\UL][b@HKQFHDN`@{@ZoA@}A\\oCENEKIX?fDkAbDHGGPJNE]@TMBJ]UBZFOSLXcBzCyAx@g@@iBjAkAJu@a@EXYAe@e@WJe@]_@h@Hv@NNETgB~AHIGX`@xB`ChDdBnFjB~BjAQl@mBhAw@hFaA@UU]DWa@G]cAH[{@c@IcBN{@?eENk@`AyAQ_@_ASAOJJIWGLMz@U?@VEWDNFKCPJECBIMH@QFNEKLFISMX@[HTC?H@IIMNKKFL?_Ao@e@cAKb@a@?c@q@o@@u@yAs@I_A}@cBw@_ALjAR\\GDTb@?|AnAhDx@^C^g@`DTRuAPBMNES\\_ADqDLa@KC@s@P[Bs@LBvAeC[m@Lm@j@_@@m@f@c@zAc@QGEe@bA[ISSBHm@]KXo@AYUVa@wALm@IsBh@y@Qg@x@qAh@mBc@uD?e@@RXkDKgAWo@EmBZuASkCDmAw@wAm@aFwB_CeAuDmAmB{@mFwCgFWcAvA{BBaCOoBBo@NXQMPuBbAaCEWh@}CpAcDHeCP_@OyADwBYsALkBMk@NoAVWa@iBCgBr@}GUuAb@uBFeJd@{Cn@{@AQGViAmBz@cA|Cw@X}@?e@KBT\\i@c@?aAJBYPNQgA]TM}Ca@E_@`@aBfAgApCw@{DiCMWLsAi@g@Q}Ax@kApAe@p@wA`@EzDeEBuAm@iBQuA@oBDc@w@BKa@Hy@mB}@kA}@AWGHxC|A~LfFZXJl@Wl@[BcBsBqAu@wBg@WJ', 'resource_state': 2}",False,False,False,False,everyone,False,,"[44.260279359295964, -71.25044443644583]","[44.25900153815746, -71.25171236693859]",1.221,20.142,,,,False,False,False,1598.1,612.2,9540417611,9540417611,63E694D6-CE53-47AB-A39F-F125C0ED7B14-activity.fit,False,0,4,False,,,
22,2,"{'id': 45406272, 'resource_state': 1}",Morning Ride,21.6,3,6,0.0,Ride,Ride,0.0,8889216947,2023-04-14T13:56:45Z,2023-04-14T09:56:45Z,(GMT-05:00) America/New_York,-14400.0,,,United States,0,0,0,1,0,"{'id': 'a8889216947', 'summary_polyline': 'gpcmG~a{qLK??NBLC@', 'resource_state': 2}",False,False,False,False,everyone,False,,"[44.2600410617888, -71.25039364211261]","[44.260106859728694, -71.25055843032897]",7.201,4.252,70.5,0.2,False,False,False,False,612.7,612.7,9538315790,9538315790,F2350DEC-34DD-4FD5-ACA5-A6FD0FD69309-activity.fit,False,0,0,False,,,
23,2,"{'id': 45406272, 'resource_state': 1}",Evening Ride,12321.6,2018,2035,116.2,Ride,Ride,0.0,8886536381,2023-04-13T22:34:35Z,2023-04-13T18:34:35Z,(GMT-05:00) America/New_York,-14400.0,,,United States,2,0,0,1,0,"{'id': 'a8886536381', 'summary_polyline': 'sqleGtoesLEEQJ{AXGKQEg@AuB\\mAHu@RiBHuACaBY_@OGKQq@GkACIOUWGaFj@uFpAaAHw@?[H_@TWVc@~@[`AcClMs@hEGHMBiASQ?_@LOLIPc@|AIn@EHiBvAQVa@TcAv@SVQZ?RPfBF\\FJTHjBDp@ATIT]l@qAb@y@FMBO?QEOQ[KIOe@IOGU?s@BGPS|AC\\BBCBYLk@?QGKo@c@EQBEJCt@JJHDJEp@YtBg@nC[bAgAlCI`@Et@B~BDh@Kx@u@vCCbABZLRZDpC_@d@AnBa@vAKp@BTNZb@|@bDd@zABNCN]Xg@NSGE@CD?HDDPCd@UT]VAJHPfA^bABNCNGN[Zm@LaAEGCCD?HJDh@Mn@?RKTa@PMJBd@n@b@Xd@Rv@FJFDPEn@Bf@D\\@XA~@BpAALGJIBWAyCNeAGg@L[KG@@FJD~@MxA?x@GhAAHBREJFDN@|@A|ACJGDUBoDJ_ACMBa@BWGCB?FFFj@I|@?rGQ^GfAFNE`A@fAK|BAbAErAB~ACh@IhA?b@Cx@B|AICGICg@Lc@?GEIFCb@BpCELIFuA?o@DqBCqAJ_A@G@GN@Lx@jDAFL?HONEh@BpEObAGF@DH@N?dCALGFa@CeCPeACc@FMP@\\VdARh@LLXFXCx@DtBGHBDD@JATBvBCJODm@?uAJm@G?FBDlCQj@BDDBFAXBxBAZEFK?[Ge@Ag@JMEAFFHfAOr@@NF@XEb@@dBKJGBi@GcAJiA?k@DKNAVb@bHD^TFjEGFFBLAtABz@Lh@Xb@NLRHj@F|AFRDf@T`@d@\\n@Pr@Ht@FTJRNLj@PBFAP{@xB@DCDy@hBM`@{BvFaAlC{@rB{@hC_AzB_AhCe@jBKTWfASpAo@~Fk@dDiArDKf@mAlDU|@EEMTY~@]r@Sj@gBlDoBhDWh@a@n@Uh@a@n@IRMPWf@Y^]t@KHKj@GRyAfE{@hCOl@Kn@I`AAfAIh@O~BGt@Av@Bj@LZ^\\LFZ\\Vd@f@rATt@j@pAf@zAHX?PGJsE`Ek@j@iApAoCzDgC~Di@|@_AhBu@~AUh@Uv@WxAyBxTCJIDgBVwAJaHH{Ij@}@\\mDrBq@XWDUASMOSiA}AgAcB_B{@s@c@k@e@uAq@_@]Ma@Ea@AuB?q@J_AL[pA_B|@}@pAcBBE', 'resource_state': 2}",False,True,False,False,everyone,False,,"[42.995628118515015, -71.46762683987617]","[43.01365683786571, -71.5233622211963]",6.106,16.446,100.5,202.8,False,False,False,False,88.6,46.7,9535462953,9535462953,4EEDFB1E-8DE6-4F86-8F15-2B681E23866E-activity.fit,False,2,0,False,,,
24,2,"{'id': 45406272, 'resource_state': 1}",Morning Ride,7832.6,1108,1231,57.3,Ride,Ride,0.0,8883454896,2023-04-13T12:50:15Z,2023-04-13T08:50:15Z,(GMT-05:00) America/New_York,-14400.0,,,United States,0,0,0,1,0,"{'id': 'a8883454896', 'summary_polyline': 'kbpeGzlpsLFH?E?DWJ[VKTk@j@c@ZaAhAi@x@IRE~@@|BDh@DRHNTZbAn@h@VdAv@hAh@t@d@Xr@T\\dAnAl@j@XLJ@LCTK\\Y`@Un@Wf@_@l@YHKz@Wl@G`AGbAM`ACxBOh@An@@VA`@BjAEnA?p@IT?LCJ?VCX?NGPYHYFo@hBaSd@mB\\}@j@mAbBgDfBsCzD{Fp@w@rAqAlEqDxB_BbEsCb@_@l@kAlBiFn@uAj@_ApA{A`BwB|FmJf@{@\\{@b@sAh@uBp@gBz@eBbGgL`CaFrAyCfCuGvAuF|AqF`@cAJINc@BQ?QEWaDgMe@aBs@yA{KqPq@iAe@gA[sAAOOaAOgBYi^QyMB_BC}AEeIGgECo@CqDEqCAwBCe@?wAC_ABe@CmAAqEBONSLARK`AYfBs@NInB_BDAP[@gAE{@Gi@[_BG}@Ky@QcCC}AsBsd@DQHKJE\\@XILB\\KNBNAVMPADBJTB|@?\\G`@?`CBnAC\\GHUBY@u@L_@@_BNi@R[NKTEN?NBDBG', 'resource_state': 2}",False,True,False,False,everyone,False,,"[43.013663878664374, -71.52349482290447]","[42.994936695322394, -71.46774359978735]",7.069,18.774,135.0,149.6,False,False,False,False,88.6,46.3,9532194537,9532194537,DEE270E8-997E-4212-83C8-09D5C0A0984C-activity.fit,False,0,0,False,,,
25,2,"{'id': 45406272, 'resource_state': 1}",Afternoon Ride,10931.4,1772,1804,86.0,Ride,Ride,0.0,8874198064,2023-04-11T20:41:22Z,2023-04-11T16:41:22Z,(GMT-05:00) America/New_York,-14400.0,,,United States,1,2,0,1,0,"{'id': 'a8874198064', 'summary_polyline': 'smleGnoesLBOd@[bAENIn@OVCtBe@HKLq@@SEsA@a@CUGIOIIAi@B]FcADuC\\a@BOAKKCQBs@BOHMVK`@?TEH?PJDTp@|Px@pQLzEAPGNKFWNw@v@kFfEGXH`@TD|@Et@?XF`@EF@`@E`@?FEDU?yACOEIKCI@KFg@h@wAfAEF?J@HFBf@I~AA\\BFDBHANBt@GHkCBO@ODOAY@KAM@Y?KBUCWDe@?GEG@ONK\\a@RGFWBWHULQBKJKGIFBFFO\\GhBk@DFG\\KRs@xB_A|AE^?\\@hCBTBHLNF?h@CjA?z@Ej@@p@GP@DBDFBJCX?v@QCU@g@BuABg@Bm@@[DGAWBEFAH@h@DNNNJAVGvA?`BEd@@VAH?HH@n@Ad@GDSAsBDyADg@D_@?KLC^@XBJDHHD^?dAETCbD?NBBHCT@lCCJaDJu@@i@Co@FIBEHALF`DDLDBH?VCJDDEEGM@g@PCJ?bBFh@FZFFJ@tAGfADh@ETEz@?LFDR@pCALEFIB[AwBBoBFQDY?EDAJ@dCDTDDPBtAC`@@l@ChAAn@GHHBNAf@D`BAHGFgDFc@D}AFI@EDEH?LB~BFNNJF@hBEjDKF?HDDJCZBrB?HGFG@SA_@BaBB]DsAFUEURCVFdCBHPPJDVA~BO`ACl@EN@HBDPAd@@jBAHEDMB[A]B[CmDJ_@JEFEVH~BDVHDz@GL@ZCN?dBIN?NGLA\\FFHDLC`@@rDJvBNzAVfAPp@Vl@r@rAbLzPt@tATt@zAdGTp@Nx@`@pAVbAANUf@q@dB{BbI{@pCwB`GyCpGcKdS}@zB{@|Cm@vAg@`AeC~DOVO`@EFULa@h@gBpCqAtAa@n@}@~AyA`Eq@bB_@j@cA`AgCzAmBtA}DhDsBpBcAhAaArAsAjBaDbFKDMGU[SQ_@UIEK?MBIJm@xASVaAv@YPO@OAOEgAw@uBoAm@SUAS@_A^iAXyAFwBPiBFeA@aAA{@BSAc@[_@e@gA_A[o@Qs@[{@MMSAKBMLIRAVJb@?Fb@lALjAGd@WbAO^ANQ^qAfBc@b@c@XB?', 'resource_state': 2}",False,False,False,False,everyone,False,,"[42.99498732201755, -71.46759725175798]","[43.013607719913125, -71.52336180210114]",6.169,17.106,108.1,191.6,False,False,False,False,87.2,46.9,9521872442,9521872442,02377629-7252-4DCF-BE83-CE5DC78A16BA-activity.fit,False,1,0,False,,,
26,2,"{'id': 45406272, 'resource_state': 1}",Morning Ride,7729.6,1206,1282,58.4,Ride,Ride,10.0,8871681359,2023-04-11T13:11:59Z,2023-04-11T09:11:59Z,(GMT-05:00) America/New_York,-14400.0,,,United States,1,3,3,1,0,"{'id': 'a8871681359', 'summary_polyline': 'ebpeGnlpsL@IRCFI`@Wp@}@Ve@RSZm@^sAJaA?c@[}@Ig@GECWMSAg@HQFCb@ENHp@zBJVPXXVTLNPj@d@XPHBNBb@AT@ZCx@Bx@?`@EtES^Gd@ALEJ?PEJGD@LIJADEPCXMPARNJBTPZFhBz@fAv@\\BTGTM|@w@\\i@`@aADIHCPBr@h@d@Z\\@bHgKnBwBz@y@~DgD|EkDtB_BRUf@_AzB{Ff@eAv@kA`AgA|AqB~FqJl@iAr@mBr@oCp@aB`K_SdDkHxB_GvAoFjAaE^{Ah@gADSCo@]}@s@uCYwA}@iDa@mAi@kAOUwBaDcI}L_@w@_@kAQy@[oC@}@MoFBMJEb@DhA@v@ALEx@@tBIPCFEJU@Mm@uK]}DIyB}@sNEuAk@yHAm@@k@LeAXqA?IIOGCiALwBFOAw@FE?KME_IGwBKeKAsCBUJKl@Ml@U`@KbA_@`@UvBeBN_@E{Be@qC[{CGyDUqE_AoSa@_IFa@HKNCXDXQLANBPCNGr@CJFHR@PC\\Hh@Gj@EnB@tBGHGDmBN}@d@iADUBYJINIXB@BAAA?G', 'resource_state': 2}",False,True,False,False,everyone,False,,"[43.01363823004067, -71.523432796821]","[42.994927475228906, -71.46771007217467]",6.409,12.884,103.0,124.2,False,False,False,False,87.0,46.9,9519221990,9519221990,24551D84-EFE3-4DC7-AB42-80D3A4D054D2-activity.fit,False,1,0,False,,,
27,2,"{'id': 45406272, 'resource_state': 1}",Evening Ride,15642.9,2307,3728,188.4,Ride,Ride,0.0,8868681027,2023-04-10T21:08:29Z,2023-04-10T17:08:29Z,(GMT-05:00) America/New_York,-14400.0,,,United States,1,3,0,1,0,"{'id': 'a8868681027', 'summary_polyline': 'inleGdpesLM?YFwBRy@PgBL_@HmAJ{@P_BHaALG?GMJYCIECIAs@?mBe@KEUQEOAOG}@?g@O{ACw@Co@G_@YcGB_@MyAQkCCgBSgD@KEYIsBMyA?gAGg@UkEEy@BSM_AKuBIUGE}BVS?IIM{BCuAM_BOoEQgCOoEGm@GyBa@wIOwBEKGGGAa@BY?}AVs@FgAPe@ASHoBRKJG`@J^BPDBBHBIDAKDG?IVAXJn@Df@`AvS?d@Lz@DrBHl@FpCAHDFHBd@CRGfCSJBDNRvDBpBF~@@d@Hr@?NNtB?`@BR@t@D^HVDV?d@JdAFpCTxDBr@N~BAd@BPCNGF_@JmB\\k@BMJITAj@XvF?f@Ah@Mz@uEbWoAjJk@`DQh@gAdCUx@ElADxBEbAE`@q@zBGl@AjA~A`Mp@|Fp@dFx@rFZ|ENtCBvDE~@}AhF{@hDo@hAgD~EcAdASNaEdC}An@mBfAy@j@STaDdEcAxAiApB_CrEuD|Ge@lAe@bBOz@IhAA`AJnBHz@|@jErAzKFj@@bBCZOx@u@|CoFzP{@~Cc@lBeApFaApEa@dB_A`DYnAYjBc@zBo@hCy@~Bc@~@]h@_@^{B~Aw@p@c@f@}@tAgApCk@tBi@~B[pAi@lBGTSj@YnAk@lBaCzHkBlFcBdDaAhC[bAi@|BGh@e@bCa@hDI|@?r@Bv@TdBB`@DHLjAN|@PbDNbAVnAp@zDX|Bh@dHLzF@vBKbBmA`Ia@~EmAtG]~Bc@lD@l@Hl@tA~FXnBL~ANpECTGR?TBRJHN@h@Or@?tDNbBPx@?ZFZNr@r@bAnAdDjDt@d@d@Nv@Ht@BbAE\\IjAc@jAUt@EfBAXCXIp@[n@i@\\g@P_@ZaAZ{AZeAr@mBTc@h@sAFGJUd@yA^cBnA{MReALUX]RMTG`@A`C\\V?FCLU^gEx@iH|@yId@eG|AmLVuAf@uBzAgFx@{Cp@sCz@iEXeAVmA@K?[b@oD@QEOGKWOi@EuAJcBD}D@mJj@c@Ha@R{BtAYLWT[LWPYBUAg@]w@sAsAmBOO_Ac@eBmAKKmAq@MKU]Oe@Iy@A}@BoALw@Zk@hAuA~@oA|@}@DMBBAG', 'resource_state': 2}",False,False,False,False,everyone,False,,"[42.995098466053605, -71.46770613268018]","[43.013652646914124, -71.52335627004504]",6.781,17.244,133.3,307.6,False,False,False,False,116.7,46.5,9516048432,9516048432,4FE1052F-5C1F-4FB2-B060-E60E8B294E9E-activity.fit,False,1,0,False,,,
28,2,"{'id': 45406272, 'resource_state': 1}",Morning Ride,7323.8,1146,16626,56.3,Ride,Ride,10.0,8867254743,2023-04-10T12:38:29Z,2023-04-10T08:38:29Z,(GMT-05:00) America/New_York,-14400.0,,,United States,1,4,0,1,0,"{'id': 'a8867254743', 'summary_polyline': 'ubpeGxlpsL|As@Hc@PUL_@v@aAHUF]Ts@JaA?g@O_@Mk@[w@Ga@@IHYNIVEJBFFn@zBZn@VT`@V|@~@\\LHBVCzABr@CX@bCKn@InAEfB[xAi@b@AD@PNTFNLPFb@Vf@Rd@XDFPFDHVNVDTA`@Op@i@X_@v@eBFEJAHB|AlA?FDBHARUP_@|@sAdEgGlAyAbB_BdFcExEeDp@e@l@i@HK^w@lBeFf@kAZk@Zi@nAuAjBgCvDcGbBwCr@iBbAuD\\y@jAaC|HiOrCeGlCeH|BmI\\{AVaAL_@l@kADa@Gm@kAyEuBoHe@mAOWgFuH}EwHe@cA[eAi@_DEcAC}GG_DAiDS}O@eBMiHBwAKoOCo@IyIG{B?kCGwD@gCAk@BQJK^A\\KZOn@QnAk@rB}AXWDO?m@I{AGm@WoA_@eDQkFmB}b@?OFOJGf@AfAQN@l@GJFHNDP?t@KxBJ`DI@GHQDcAJkAFIDa@F}@TKDGHSZEVD?@BOXSLI?', 'resource_state': 2}",False,True,False,False,everyone,False,,"[43.01371827721596, -71.52347990311682]","[42.995147835463285, -71.4679448492825]",6.391,12.704,107.5,123.2,False,False,False,False,87.0,46.9,9514559274,9514559274,50C2E0C7-DE34-4685-8326-1D285959C928-activity.fit,False,1,0,False,,,
29,2,"{'id': 45406272, 'resource_state': 1}",Double trouble,59565.3,9550,12041,757.3,Ride,Ride,0.0,8856056118,2023-04-08T16:03:56Z,2023-04-08T12:03:56Z,(GMT-05:00) America/New_York,-14400.0,,,United States,1,4,0,1,0,"{'id': 'a8856056118', 'summary_polyline': 'sbpeGblpsLZL~@oA|BwENgB{@oDTk@h@BvArDhCfBbMM_M`@oCyBiB{Dk@v@v@zCu@tEiDxDL^eG|FSjEZ`BnHlEhCxD`Bz@fGqD`]kAtCm@xR}LnEgAdEAhSdE|HTvFq@rUkGHd@o@tDI`CxCtQ^pHfDjLvCjGRtASzKvEzn@|@lErEvGp@|CIvO]nGv@fIjB~ElAfIvHfG|CpD|BfFtAbGEtBoA|AeGpDyDx@jFbkAh@zC|EzHlHnSjFnIzBnF|BbOdB|UBrP\\jHnAfErBlDv@~IU~GaHzYo@|Te@|EcB|HeE`EYjAtQlV|ChGpBjG^lB^jL}AdK\\`BjDpBtGwCvE]bAvCjBnKvCvFPfA[jEcElMi@zIqBvLgFlNuEhBoWb@aG`BeIrIwCnFKtBfAx`@k@jOHdC~@zGnEfI|AnFLhGvDzOvCfXq@zQe@rDt@tFgF~QtAnZcB|I|C|MrAjD|F`Hz@hB~BlSTfJoCrCu@jCZzFz@vEiAdHItEo@f@uC{@gFCkNdAuNeEwEe@uEiCqIuH_JiCs`@wAsZo@gGeAsPaH{J|@}BEwDmBuF_I}DsA{DPoPlF_\\tV{HdCiHeVcDaD_F}IuKkHoC{D_MiK}NiRoEuDw@uAyAqF}DyHcEkLcKgOiFyFkFy@oDuBGiF{Ek[EaFh@_GzBmGnDuDlWsJhFgDpFkFx@RJr@m@B^HVk@m@cB}IoL|AqKhAiC_@k@uZuCsH`@gd@`N{KvAmFzAsKlIkCbD{At@iG`AmDm@aTc@_BdBsClKeBfA{Kv@g[zDwRL{Ak@qOK_OhCiEbBgFdEwTzCwNRcKhAuD{CgA[mZh@oRcNmEKw@^IrA|Flk@c@h@PBLm@I{AwFyj@_ET}CKcEsBkBeDu@iG?c^o@iJiAcD{A_C}MaIwDcFqHkX_AwE_@eH_@IgCmMnPmK`GcGjJeErCaC`GgMj@sKjDkKrIeN~DqFxDoDfI_@dHZtEbArHfEpE`@pViDxHwCjJeFvI_QrLaQdAoF~@eVdEiRlI_NnCgBfDk@jC}AzEyIrBmLxAmFdFuNfIgQvIia@l@gFLuFp@_DpBcC|H{GrCqGhD}DxA{DlBsCzFaArEcMrCmN|A}D~G}AdLiFpI_Lv]yH`M}M`T}LlGsJvD[xIqEbH]zDh@lOUjNr@fCa@|GoCtFoUlFwLpM`@`HlHnCnAdNcArC{A|@uApAsFEZdDcIvBwRhBiCpAeQjIws@d@wMOyA{JZmHbEaAo@eCuDgHmEk@{AFkF|F_H', 'resource_state': 2}",False,False,False,False,everyone,False,,"[43.01370436325669, -71.52337504550815]","[43.01362691447139, -71.52335333637893]",6.237,16.458,113.7,1086.3,False,True,False,True,246.2,48.6,9502642896,9502642896,A1A1D6B8-917A-4F93-98FB-26AA4B687034-activity.fit,False,0,0,False,152.2,175.0,173.0
